<?xml version="1.0" encoding="utf-8"?>
<extension type="component" version="4.3" method="upgrade">

	<name>com_sample_form1</name>
	<version>1.0.0</version>
	<description>Sample form 1</description>
    <namespace path="src">Mycompany\Component\SampleForm1</namespace>
    
	<administration>
        <files folder="admin/">
            <folder>services</folder>
        </files>
	</administration>

	<files folder="site">
		<folder>forms</folder>
        <folder>src</folder>
	</files>
</extension>