<?xml version="1.0" encoding="utf-8"?>
<extension type="component" version="4.3" method="upgrade">

	<name>com_sample_form_field</name>
	<version>1.0.0</version>
	<description>Sample custom form field</description>
    <namespace path="src">Mycompany\Component\Sampleff</namespace>
    
	<administration>
        <files folder="admin/">
            <folder>services</folder>
        </files>
	</administration>

	<files folder="site">
		<folder>forms</folder>
        <folder>layouts</folder>
        <folder>src</folder>
        <folder>tmpl</folder>
	</files>
</extension>