{
  "$schema": "https://developer.joomla.org/schemas/json-schema/web_assets.json",
  "name": "com_sqlfield",
  "version": "1.0.0",
  "description": "Joomla CMS",
  "license": "GPL-2.0-or-later",
  "assets": [
    {
      "name": "com_sqlfield.reload",
      "type": "script",
      "uri": "com_sqlfield/reload.js",
      "dependencies": [
        "core", "webcomponent.core-loader"
      ],
      "attributes": {
        "defer": true
      },
      "version": "1.0.0"
    }
  ]
}
